,x
1,ORCDRC_sd1_M
2,ORCDRC_sd2_M
3,ORCDRC_sd3_M
4,ORCDRC_sd4_M
5,ORCDRC_sd5_M
6,ORCDRC_sd6_M
7,PHIHOX_sd1_M
8,PHIHOX_sd2_M
9,PHIHOX_sd3_M
10,PHIHOX_sd4_M
11,PHIHOX_sd5_M
12,PHIHOX_sd6_M
13,CRFVOL_sd1_M
14,CRFVOL_sd2_M
15,CRFVOL_sd3_M
16,CRFVOL_sd4_M
17,CRFVOL_sd5_M
18,CRFVOL_sd6_M
19,SNDPPT_sd1_M
20,SNDPPT_sd2_M
21,SNDPPT_sd3_M
22,SNDPPT_sd4_M
23,SNDPPT_sd5_M
24,SNDPPT_sd6_M
25,SLTPPT_sd1_M
26,SLTPPT_sd2_M
27,SLTPPT_sd3_M
28,SLTPPT_sd4_M
29,SLTPPT_sd5_M
30,SLTPPT_sd6_M
31,CLYPPT_sd1_M
32,CLYPPT_sd2_M
33,CLYPPT_sd3_M
34,CLYPPT_sd4_M
35,CLYPPT_sd5_M
36,CLYPPT_sd6_M
37,BLD_sd1_M
38,BLD_sd2_M
39,BLD_sd3_M
40,BLD_sd4_M
41,BLD_sd5_M
42,BLD_sd6_M
43,CEC_sd1_M
44,CEC_sd2_M
45,CEC_sd3_M
46,CEC_sd4_M
47,CEC_sd5_M
48,CEC_sd6_M
49,BDRICM
